"id";"n"
"1";7
"2";7
"3";3
"4";4
"5";2
"6";8
"7";2
"8";3
"9";3
"10";2
"11";2
"12";3
"13";15
"14";2
"15";4
"16";3
"17";3
"18";3
"19";2
"20";3
"21";4
"22";14
"23";4
"24";3
"25";3
"26";8
"27";5
"28";5
"29";2
"31";2
"32";2
"33";2
"34";2
"35";2
"36";3
"38";6
"39";7
"40";5
"41";2
"43";4
"44";3
"45";2
"46";6
"47";5
"48";2
"49";9
"50";3
"51";2
"52";2
"53";2
"54";70
"55";2
"56";2
"57";2
"58";3
"59";8
"60";2
"61";3
"62";9
"63";3
"64";10
"65";3
"66";2
"67";6
"68";2
"69";3
"70";3
"71";3
"72";3
"73";3
"74";3
"75";2
"76";2
"77";2
"78";30
"79";3
"80";3
"81";9
"82";32
"83";2
"84";3
"85";3
"86";3
"87";3
"88";27
"89";6
"90";8
"91";2
"92";30
"93";2
"94";5
"95";5
"96";18
"97";3
"98";9
"99";4
"100";2
"101";16
"102";2
"103";2
"104";2
"105";2
"106";2
"107";5
"108";5
"109";2
"110";25
"111";2
"113";5
"114";3
"115";5
"116";3
"117";2
"119";4
"120";2
"121";4
"122";3
"123";2
"124";4
"125";2
"126";7
"127";16
"128";9
"131";4
"132";2
"134";2
"135";2
"136";5
"137";2
"138";6
"139";10
"140";2
"141";2
"142";9
"143";2
"144";4
"145";8
"146";2
"147";4
"149";2
"150";4
"151";2
"152";6
"153";3
"154";2
"155";4
"156";3
"157";2
"158";4
"159";5
"160";6
"161";4
"163";3
"169";3
"170";3
"171";8
"172";8
"173";4
"174";5
"176";3
"177";4
"180";16
"182";13
"183";4
"186";2
"187";3
"188";5
"190";2
"191";2
"192";27
"194";2
"195";9
"196";13
"198";8
"199";20
"200";4
"201";22
"202";6
"203";9
"204";6
"205";8
"206";10
"207";9
"210";6
"212";6
"215";11
"216";10
"217";11
"220";4
"221";3
"222";3
"223";4
"224";9
"226";7
"228";6
"229";5
"230";13
"232";3
"233";6
"234";24
"238";1
"240";4
"243";6
"244";3
"245";4
"246";2
"247";4
"248";4
"249";15
"250";3
"251";7
"253";3
"254";4
"255";6
"256";5
"259";3
"260";3
"261";4
"262";12
"263";4
"264";4
"266";3
"267";4
"268";3
"269";4
"270";3
"271";3
"272";5
"273";3
"274";5
"275";4
"276";2
"277";3
"278";5
"279";5
"281";5
"282";5
"283";5
"284";3
"285";4
"286";4
"289";4
"290";3
"291";6
"292";3
"295";6
"297";4
"298";5
"299";3
"301";10
"302";5
"303";4
"304";5
"305";10
"307";4
"308";4
"309";2
"310";29
"311";3
"312";3
"313";6
"315";3
"316";3
"317";9
"318";3
"319";2
"320";3
"322";3
"323";6
"324";5
"325";3
"327";4
"328";4
"329";3
"330";3
"331";3
"333";6
"335";5
"336";5
"337";2
"338";5
"339";6
"340";3
"342";6
"344";3
"345";3
"348";3
"349";3
"351";8
"353";12
"355";2
"356";8
"358";4
"360";2
"361";3
"362";3
"363";5
"364";7
"365";13
"366";6
"367";2
"368";3
"369";5
"371";3
"372";1
"375";46
"376";2
"377";5
"378";3
"379";3
"380";7
"382";13
"383";3
"384";3
"385";8
"386";4
"387";3
"388";3
"389";2
"390";2
"392";8
"393";4
"395";17
"397";5
"399";3
"400";3
"401";3
"402";4
"403";6
"406";3
"407";3
"408";4
"409";5
"410";3
"411";2
"412";3
"414";3
"416";4
"417";5
"418";2
"419";8
"420";4
"421";3
"422";3
"423";5
"425";5
"426";9
"428";5
"429";3
"430";10
"431";3
"432";3
"433";2
"434";5
"435";12
"437";4
"439";4
"440";2
"441";6
"442";4
"443";17
"445";7
"446";3
"448";4
"450";8
"451";3
"452";6
"453";6
"454";2
"456";5
"458";3
"459";3
"460";6
"461";3
"462";7
"464";5
"465";3
"466";4
"467";2
"468";12
"471";3
"472";3
"473";3
"476";8
"477";8
"478";17
"479";3
"482";4
"483";40
"485";3
"486";3
"488";5
"489";6
"490";8
"491";5
"493";3
"494";3
"496";4
"497";3
"498";4
"499";6
"500";12
"501";3
"502";3
"503";2
"504";4
"505";9
"506";2
"507";3
"508";6
"509";4
"510";4
"511";13
"512";3
"513";3
"516";3
"517";3
"518";7
"519";6
"520";3
"521";4
"522";10
"524";4
"525";2
"526";5
"528";3
"529";2
"530";7
"531";7
"534";5
"535";3
"536";4
"537";48
"538";2
"539";2
"540";12
"541";2
"543";2
"544";3
"545";5
"546";12
"547";7
"549";3
"550";2
"551";16
"552";3
"553";4
"554";12
"555";4
"556";4
"557";3
"558";5
"559";3
"560";9
"561";4
"562";3
"563";3
"565";2
"567";4
"568";5
"569";4
"570";14
"571";4
"572";2
"574";2
"575";3
"576";9
"577";17
"578";3
"579";6
"580";5
"581";3
"582";6
"584";4
"585";2
"586";3
"588";4
"589";3
"592";2
"593";2
"594";5
"596";3
"599";13
"600";3
"601";3
"602";31
"603";4
"604";2
"605";5
"606";3
"607";3
"608";3
"609";7
"611";4
"613";4
"614";15
"615";7
"616";4
"621";3
"622";2
"623";4
"625";2
"626";1
"628";2
"629";4
"630";6
"631";4
"637";6
"638";3
"640";10
"641";4
"642";18
"643";4
"644";3
"647";4
"648";3
"649";2
"651";5
"652";3
"653";12
"654";3
"655";3
"656";3
"657";4
"658";3
"661";5
"662";5
"663";3
"664";4
"665";4
"666";3
"667";4
"668";4
"669";3
"670";4
"671";4
"672";4
"673";4
"674";2
"676";5
"677";3
"678";4
"679";3
"680";5
"681";3
"682";2
"683";5
"685";3
"686";3
"687";4
"688";8
"689";3
"690";2
"691";3
"692";6
"694";4
"695";3
"696";3
"697";4
"698";4
"700";5
"701";3
"702";3
"703";2
"704";3
"705";4
"706";3
"707";3
"708";3
"709";4
"710";3
"711";4
"713";3
"715";3
"717";3
"722";2
"723";3
"724";3
"726";8
"728";4
"729";2
"730";3
"731";3
"732";4
"733";4
"734";3
"735";5
"736";3
"737";3
"738";3
"739";9
"740";4
"741";7
"742";2
"743";3
"744";4
"745";5
"746";3
"747";3
"748";5
"749";4
"750";3
"753";3
"756";3
"757";4
"758";3
"759";7
"760";3
"761";3
"762";4
"764";3
"765";2
"766";5
"767";11
"769";3
"770";3
"771";3
"772";7
"773";9
"774";6
"775";4
"776";2
"777";4
"778";4
"779";5
"780";4
"781";8
"782";4
"783";4
"785";5
"786";5
"787";3
"788";5
"789";12
"790";2
"791";3
"792";3
"793";3
"794";4
"796";3
"799";3
"801";3
"802";3
"803";3
"804";8
"805";3
"806";5
"807";4
"810";6
"812";5
"813";3
"814";4
"815";2
"817";8
"818";1
"819";3
"821";3
"822";2
"823";5
"824";4
"825";2
"826";3
"827";4
"828";3
"830";2
"831";4
"832";3
"833";3
"835";3
"836";7
"838";3
"839";5
"840";4
"841";8
"842";5
"843";2
"844";2
"845";5
"847";4
"848";3
"849";3
"850";2
"851";4
"852";4
"853";2
"854";4
"856";3
"857";5
"858";4
"859";5
"860";3
"861";3
"862";6
"863";2
"864";4
"866";4
"867";2
"868";2
"869";33
"870";4
"871";5
"872";3
"873";2
"874";5
"875";9
"877";5
"878";3
"879";8
"880";2
"881";3
"882";2
"883";4
"884";3
"885";4
"886";2
"887";5
"888";3
"890";4
"891";2
"893";3
"894";3
"895";2
"896";3
"897";3
"898";4
"900";3
"901";3
"903";6
"904";5
"906";4
"907";3
"908";9
"909";3
"910";6
"911";5
"912";3
"913";5
"915";4
"916";5
"917";5
"918";3
"919";3
"920";6
"922";5
"923";2
"924";3
"925";5
"926";9
"927";2
"928";5
"929";4
"930";5
"932";3
"933";6
"934";4
"935";3
"937";3
"938";3
"939";3
"940";3
"942";4
"943";5
"945";4
"946";4
"947";9
"948";3
"949";3
"950";3
"951";3
"952";5
"953";7
"954";3
"955";5
"957";5
"959";3
"960";4
"961";10
"964";3
"965";2
"966";3
"969";3
"970";3
"973";3
"974";7
"975";6
"976";6
"977";9
"978";3
"981";7
"982";9
"983";5
"985";3
"986";9
"988";7
"989";5
"990";4
"991";3
"992";3
"993";2
"994";4
"995";5
"996";5
"997";6
"998";2
"999";5
"1001";3
"1002";7
"1003";3
"1005";3
"1006";6
"1007";3
"1008";2
"1009";6
"1010";2
"1012";2
"1013";2
"1014";4
"1015";8
"1016";6
"1018";5
"1019";6
"1020";8
"1021";11
"1022";3
"1025";2
"1026";4
"1027";6
"1028";4
"1029";4
"1030";5
"1031";3
"1032";3
"1033";5
"1034";6
"1035";3
"1037";3
"1038";12
"1039";4
"1040";2
"1043";6
"1045";2
"1047";5
"1048";3
"1049";2
"1051";3
"1054";3
"1055";7
"1057";3
"1058";6
"1060";3
"1061";3
"1062";5
"1063";2
"1064";2
"1066";6
"1068";3
"1069";3
"1070";6
"1071";3
"1072";7
"1073";2
"1074";3
"1076";5
"1078";15
"1079";18
"1082";23
"1084";4
"1085";2
"1087";5
"1088";4
"1089";3
"1090";4
"1091";4
"1092";4
"1093";5
"1094";5
"1095";9
"1096";5
"1097";4
"1098";4
"1099";3
"1100";32
"1101";4
"1102";4
"1103";4
"1105";4
"1106";5
"1108";11
"1109";9
"1110";2
"1111";2
"1112";2
"1113";3
"1115";3
"1116";2
"1117";3
"1119";3
"1120";8
"1121";10
"1122";4
"1123";4
"1124";7
"1125";3
"1126";3
"1127";21
"1128";3
"1129";8
"1131";8
"1133";2
"1134";3
"1136";4
"1137";3
"1138";19
"1140";6
"1142";5
"1143";7
"1145";2
"1146";3
"1147";4
"1149";4
"1150";2
"1152";3
"1153";3
"1154";3
"1155";2
"1156";13
"1158";6
"1159";6
"1161";5
"1162";3
"1163";4
"1164";2
"1166";2
"1169";5
"1170";2
"1171";4
"1172";3
"1173";4
"1174";2
"1175";6
"1176";2
"1178";4
"1179";3
"1180";9
"1181";6
"1183";16
"1184";3
"1185";4
"1186";9
"1188";11
"1189";4
"1190";6
"1192";2
"1194";4
"1196";3
"1197";2
"1198";2
"1199";4
"1200";3
"1201";2
"1202";5
"1203";4
"1204";4
"1205";5
"1207";6
"1209";9
"1211";5
"1212";10
"1213";7
"1214";5
"1216";8
"1217";4
"1218";12
"1219";3
"1221";2
"1222";2
"1223";3
"1224";10
"1225";21
"1226";3
"1227";11
"1228";3
"1229";3
"1231";2
"1233";10
"1234";5
"1235";3
"1236";3
"1237";5
"1238";6
"1241";3
"1242";15
"1243";5
"1244";3
"1246";1
"1248";3
"1249";5
"1250";6
"1251";3
"1255";4
"1256";3
"1257";3
"1258";10
"1260";3
"1261";2
"1263";2
"1264";8
"1265";9
"1267";7
"1270";4
"1271";2
"1272";14
"1273";4
"1274";2
"1275";3
"1277";20
"1278";2
"1279";10
"1280";9
"1281";2
"1282";9
"1283";2
"1284";3
"1285";2
"1286";3
"1288";2
"1291";4
"1292";5
"1293";5
"1294";3
"1295";4
"1296";2
"1298";3
"1299";6
"1302";14
"1303";7
"1304";4
"1305";2
"1306";1
"1308";6
"1309";3
"1313";1
"1314";6
"1315";4
"1317";8
"1318";3
"1319";5
"1321";11
"1323";5
"1324";8
"1325";3
"1326";3
"1328";8
"1331";3
"1334";3
"1335";7
"1336";4
"1337";7
"1339";10
"1341";6
"1343";5
"1345";5
"1347";10
"1348";29
"1349";4
"1350";10
"1351";3
"1352";5
"1353";3
"1355";3
"1356";3
"1358";6
"1361";21
"1363";49
"1365";5
"1367";4
"1368";4
"1369";4
"1370";2
"1371";8
"1372";7
"1373";3
"1374";4
"1376";3
"1377";3
"1378";2
"1379";11
"1381";4
"1383";5
"1385";5
"1386";18
"1387";2
"1389";3
"1390";2
"1391";3
"1392";4
"1393";5
"1395";4
"1396";3
"1397";9
"1398";3
"1399";3
"1400";2
"1401";3
"1405";2
"1406";5
"1407";8
"1408";14
"1409";19
"1410";2
"1414";8
"1415";2
"1416";2
"1417";5
"1418";4
"1419";5
"1420";4
"1421";2
"1423";2
"1424";2
"1426";25
"1427";3
"1429";3
"1430";6
"1436";5
"1438";4
"1439";3
"1440";3
"1441";2
"1442";2
"1444";5
"1446";2
"1447";4
"1448";4
"1452";4
"1453";3
"1454";7
"1455";7
"1456";2
"1457";2
"1458";3
"1460";2
"1461";2
"1462";6
"1464";2
"1466";6
"1467";2
"1468";3
"1470";4
"1471";2
"1472";2
"1473";5
"1474";2
"1476";13
"1477";4
"1478";20
"1479";2
"1482";2
"1485";4
"1488";4
"1489";6
"1490";9
"1492";2
"1493";4
"1495";3
"1496";2
"1499";3
"1501";2
"1502";4
"1504";5
"1505";6
"1506";4
"1508";4
"1509";3
"1510";3
"1511";3
"1512";4
"1513";3
"1514";3
"1515";2
"1516";3
"1517";4
"1518";3
"1521";3
"1523";11
"1524";3
"1525";2
"1526";2
"1527";2
"1531";2
"1532";5
"1533";2
"1534";2
"1535";2
"1536";6
"1537";5
"1539";2
"1541";3
"1542";4
"1543";7
"1546";11
"1547";2
"1548";6
"1549";3
"1553";3
"1558";2
"1560";2
"1562";3
"1564";3
"1566";3
"1570";4
"1571";3
"1572";3
"1573";4
"1574";6
"1575";2
"1576";4
"1577";5
"1578";2
"1579";3
"1580";3
"1581";2
"1582";6
"1583";3
"1584";2
"1585";6
"1587";7
"1588";4
"1589";3
"1590";2
"1591";3
"1592";3
"1593";3
"1594";6
"1595";4
"1596";5
"1597";2
"1598";4
"1599";3
"1600";5
"1601";3
"1602";2
"1603";5
"1605";5
"1606";3
"1607";8
"1608";4
"1609";2
"1611";11
"1613";7
"1615";5
"1616";3
"1617";3
"1618";2
"1619";4
"1622";12
"1624";6
"1625";6
"1626";2
"1627";4
"1628";2
"1630";2
"1632";4
"1633";3
"1634";4
"1635";4
"1636";4
"1638";4
"1639";3
"1640";3
"1641";9
"1642";2
"1643";7
"1644";4
"1645";3
"1646";3
"1648";3
"1651";5
"1652";4
"1653";3
"1655";3
"1656";3
"1660";8
"1662";5
"1664";2
"1665";2
"1666";4
"1667";4
"1668";7
"1669";5
"1670";3
"1671";2
"1672";10
"1673";4
"1674";4
"1676";3
"1677";4
"1678";2
"1679";2
"1680";3
"1681";8
"1682";4
"1684";2
"1685";2
"1686";3
"1687";2
"1689";3
"1690";3
"1691";3
"1693";2
"1694";3
"1695";3
"1697";6
"1698";9
"1699";2
"1701";2
"1702";9
"1703";48
"1704";6
"1705";20
"1706";3
"1709";2
"1711";3
"1714";2
"1715";4
"1716";6
"1718";3
"1719";2
"1720";6
"1723";5
"1724";3
"1725";2
"1726";5
"1727";3
"1729";3
"1731";8
"1732";6
"1734";3
"1735";3
"1736";9
"1737";8
"1741";6
"1742";3
"1743";5
"1744";10
"1745";25
"1746";3
"1748";3
"1750";17
"1751";3
"1752";3
"1753";5
"1754";2
"1755";4
"1756";3
"1757";4
"1758";2
"1759";9
"1760";10
"1761";12
"1762";3
"1764";7
"1766";10
"1767";10
"1768";7
"1770";3
"1773";2
"1774";6
"1775";4
"1776";2
"1777";2
"1778";2
"1781";7
"1783";4
"1785";7
"1786";4
"1788";3
"1789";7
"1791";3
"1792";16
"1794";2
"1795";2
"1796";21
"1797";19
"1801";7
"1803";7
"1804";3
"1805";7
"1807";7
"1810";2
"1812";9
"1813";9
"1815";6
"1818";4
"1820";3
"1821";7
"1822";6
"1823";3
"1824";2
"1826";3
"1827";3
"1828";4
"1829";3
"1830";2
"1831";2
"1833";3
"1834";4
"1835";4
"1837";3
"1840";3
"1843";5
"1844";10
"1846";4
"1847";49
"1848";2
"1849";3
"1850";6
"1852";7
"1853";7
"1854";5
"1855";7
"1857";10
"1860";5
"1861";7
"1863";3
"1864";2
"1865";5
"1866";2
"1868";5
"1869";2
"1870";2
"1871";3
"1873";16
"1877";3
"1878";3
"1879";6
"1880";2
"1881";3
"1882";8
"1883";3
"1885";10
"1886";1
"1887";3
"1888";2
"1890";10
"1891";4
"1892";2
"1893";11
"1894";2
"1895";6
"1896";3
"1898";2
"1900";4
"1902";6
"1903";5
"1905";11
"1906";5
"1907";2
"1908";19
"1909";11
"1912";19
"1913";2
"1914";3
"1915";3
"1916";5
"1917";5
"1919";2
"1921";2
"1923";4
"1924";5
"1925";3
"1926";2
"1927";4
"1928";4
"1929";4
"1932";2
"1934";5
"1935";3
"1936";2
"1938";2
"1939";2
"1940";3
"1941";6
"1942";3
"1943";2
"1945";2
"1946";4
"1948";2
"1951";16
"1953";3
"1956";20
"1957";2
"1958";13
"1960";5
"1961";7
"1963";2
"1964";3
"1965";3
"1966";2
"1967";5
"1968";3
"1969";5
"1970";4
"1973";3
"1976";2
"1977";4
"1981";6
"1982";3
"1983";6
"1985";6
"1986";3
"1988";2
"1989";3
"1990";2
"1992";4
"1994";10
"1996";3
"1997";2
"1998";3
"2000";3
"2001";7
"2002";3
"2004";2
"2005";2
"2008";10
"2009";3
"2010";3
"2011";3
"2013";3
"2014";2
"2015";3
"2016";2
"2017";4
"2018";2
"2021";5
"2022";2
"2023";2
"2024";6
"2025";6
"2026";2
"2027";2
"2028";2
"2029";4
"2030";2
"2031";4
"2032";2
"2034";8
"2036";3
"2038";9
"2039";7
"2040";7
"2041";9
"2044";4
"2045";8
"2046";5
"2047";11
"2048";2
"2049";3
"2050";12
"2051";3
"2052";25
"2053";4
"2055";7
"2058";19
"2059";3
"2060";9
"2061";7
"2062";3
"2064";12
"2065";4
"2066";2
"2067";4
"2068";2
"2069";5
"2070";11
"2071";11
"2072";5
"2073";5
"2074";2
"2075";6
"2077";4
"2078";91
"2080";4
"2081";7
"2082";2
"2083";5
"2084";3
"2086";12
"2087";3
"2088";2
"2090";2
"2092";3
"2094";16
"2095";7
"2096";11
"2098";4
"2099";2
"2100";5
"2101";2
"2102";5
"2103";7
"2104";3
"2105";4
"2106";4
"2107";2
"2109";2
"2110";3
"2111";2
"2114";2
"2115";6
"2116";2
"2117";2
"2118";5
"2120";5
"2121";10
"2122";11
"2123";4
"2126";2
"2127";2
"2128";2
"2129";2
"2132";6
"2138";2
"2139";2
"2140";17
"2141";2
"2142";16
"2144";2
"2145";4
"2146";2
"2147";3
"2148";8
"2151";7
"2152";2
"2153";4
"2154";6
"2155";6
"2156";2
"2157";3
"2158";2
"2159";3
"2160";2
"2161";3
"2162";2
"2163";6
"2164";11
"2165";5
"2166";5
"2167";5
"2168";3
"2171";4
"2172";4
"2173";2
"2174";3
"2175";2
"2176";2
"2177";3
"2178";3
"2179";2
"2184";9
"2189";1
"2190";4
"2191";2
"2193";2
"2195";3
"2196";4
"2199";12
"2200";13
"2203";2
"2204";4
"2205";4
"2206";2
"2207";5
"2211";4
"2212";8
"2213";5
"2214";3
"2217";6
"2218";5
"2220";3
"2223";2
"2224";3
"2228";8
"2230";4
"2231";2
"2233";2
"2235";5
"2236";2
"2237";3
"2238";2
"2239";2
"2241";3
"2243";2
"2244";2
"2245";2
"2247";2
"2250";2
"2251";4
"2253";17
"2255";7
"2257";2
"2258";6
"2259";3
"2261";4
"2263";2
"2264";2
"2265";4
"2268";4
"2269";4
"2271";3
"2274";12
"2279";2
"2280";31
"2282";2
"2284";3
"2285";2
"2286";2
"2288";2
"2289";9
"2290";3
"2292";2
"2293";2
"2296";2
"2297";3
"2298";9
"2299";5
"2301";2
"2303";2
"2309";2
"2310";3
"2311";4
"2313";9
"2314";3
"2315";8
"2316";2
"2317";2
"2318";4
"2319";2
"2320";10
"2322";3
"2323";5
"2324";7
"2327";2
"2328";5
"2329";2
"2330";5
"2331";3
"2332";22
"2335";3
"2336";10
"2340";7
"2341";2
"2342";5
"2343";3
"2344";16
"2345";4
"2346";7
"2347";2
"2348";6
"2349";17
"2353";4
"2355";3
"2356";7
"2357";5
"2358";2
"2359";2
"2360";4
"2363";3
"2364";3
"2365";6
"2367";17
"2368";2
"2369";3
"2370";6
"2371";3
"2372";3
"2373";2
"2374";2
"2376";5
"2378";3
"2381";9
"2382";4
"2384";9
"2385";4
"2387";2
"2388";4
"2389";2
"2390";3
"2391";20
"2392";3
"2393";5
"2396";4
"2397";2
"2400";6
"2402";3
"2404";2
"2405";2
"2406";9
"2407";4
"2409";3
"2410";4
"2411";6
"2415";3
"2417";4
"2420";5
"2421";4
"2422";6
"2423";5
"2424";2
"2427";3
"2429";2
"2430";3
"2431";2
"2434";9
"2435";2
"2436";3
"2437";8
"2439";3
"2440";2
"2441";2
"2442";2
"2443";4
"2444";7
"2446";1
"2449";7
"2450";2
"2451";3
"2453";3
"2454";4
"2455";15
"2457";3
"2458";2
"2459";2
"2460";10
"2463";2
"2464";4
"2465";2
"2474";6
"2476";2
"2477";8
"2479";2
"2481";2
"2483";2
"2484";10
"2487";4
"2488";12
"2490";3
"2492";3
"2494";2
"2495";2
"2496";3
"2497";3
"2498";4
"2502";2
"2503";4
"2504";5
"2507";3
"2512";3
"2513";7
"2514";2
"2515";3
"2516";10
"2518";5
"2519";3
"2520";2
"2521";5
"2523";8
"2524";9
"2527";2
"2529";2
"2530";3
"2532";2
"2533";2
"2534";6
"2536";3
"2538";2
"2539";3
"2540";2
"2543";2
"2544";7
"2547";8
"2549";2
"2551";4
"2552";10
"2553";5
"2554";2
"2555";3
"2556";11
"2559";6
"2561";13
"2562";3
"2563";11
"2564";16
"2565";8
"2566";19
"2567";2
"2568";2
"2570";2
"2571";3
"2572";2
"2573";4
"2574";3
"2575";3
"2576";3
"2577";3
"2579";3
"2580";4
"2582";3
"2585";3
"2586";4
"2587";9
"2588";2
"2589";2
"2590";3
"2591";2
"2592";2
"2593";6
"2596";4
"2597";14
"2598";4
"2599";6
"2600";3
"2604";2
"2605";4
"2606";2
"2607";2
"2608";6
"2609";2
"2611";2
"2612";2
"2613";2
"2614";2
"2615";2
"2617";11
"2618";3
"2619";8
"2622";2
"2623";2
"2624";13
"2625";10
"2626";12
"2627";2
"2628";3
"2630";3
"2631";3
"2632";14
"2633";2
"2634";3
"2635";4
"2636";4
"2637";4
"2638";2
"2639";2
"2641";7
"2646";13
"2647";4
"2649";2
"2650";4
"2651";13
"2652";2
"2653";4
"2654";11
"2656";4
"2657";2
"2658";2
"2659";4
"2661";1
"2664";2
"2665";3
"2666";2
"2667";2
"2668";6
"2669";2
"2670";4
"2671";18
"2674";2
"2675";2
"2676";5
"2678";2
"2680";2
"2681";3
"2685";2
"2686";4
"2687";9
"2690";2
"2691";3
"2692";2
"2693";3
"2694";3
"2696";4
"2697";2
"2698";6
"2699";3
"2701";2
"2702";2
"2703";2
"2705";5
"2706";6
"2708";1
"2709";3
"2712";10
"2713";5
"2715";5
"2716";6
"2717";2
"2718";2
"2719";6
"2720";2
"2721";9
"2722";2
"2723";4
"2725";3
"2727";6
"2728";2
"2729";2
"2730";3
"2732";5
"2734";3
"2735";8
"2738";3
"2739";2
"2742";7
"2743";2
"2744";4
"2745";4
"2746";4
"2747";2
"2748";4
"2749";7
"2750";17
"2751";3
"2753";2
"2754";7
"2755";2
"2756";2
"2757";4
"2758";2
"2759";2
"2765";2
"2768";2
"2770";10
"2771";14
"2773";3
"2774";3
"2777";16
"2778";2
"2779";2
"2780";3
"2782";2
"2783";3
"2784";2
"2785";3
"2786";2
"2787";7
"2788";3
"2790";2
"2791";4
"2792";2
"2794";4
"2796";6
"2797";3
"2798";4
"2799";3
"2800";2
"2803";3
"2804";5
"2805";17
"2806";4
"2808";7
"2809";5
"2811";2
"2812";2
"2813";6
"2814";3
"2816";2
"2817";2
"2818";2
"2819";3
"2820";2
"2821";2
"2822";2
"2823";11
"2824";7
"2826";84
"2827";2
"2828";3
"2829";36
"2831";4
"2832";2
"2833";1
"2834";1
"2835";3
"2836";7
"2837";2
"2838";11
"2839";6
"2841";2
"2843";2
"2845";2
"2847";3
"2849";2
"2850";2
"2853";15
"2854";8
"2856";3
"2857";4
"2859";2
"2860";2
"2862";9
"2863";3
"2864";1
"2865";6
"2867";3
"2868";2
"2871";2
"2873";12
"2874";9
"2875";2
"2876";4
"2877";35
"2880";3
"2882";3
"2883";5
"2884";6
"2886";2
"2887";3
"2888";2
"2889";3
"2890";2
"2891";2
"2892";2
"2893";3
"2894";2
"2897";4
"2898";2
"2899";2
"2900";2
"2903";2
"2904";13
"2905";7
"2906";2
"2907";2
"2908";3
"2911";14
"2914";5
"2917";3
"2918";2
"2919";2
"2920";5
"2921";7
"2923";3
"2925";31
"2926";3
"2930";3
"2931";4
"2932";2
"2933";3
"2936";9
"2937";2
"2938";4
"2940";5
"2942";12
"2945";2
"2946";6
"2952";2
"2953";7
"2957";4
"2958";7
"2959";9
"2960";12
"2962";2
"2966";8
"2970";2
"2971";108
"2972";104
"2976";2
"2977";2
"2979";2
"2980";2
"2981";4
"2982";3
"2984";4
"2985";3
"2988";2
"2989";14
"2990";2
"2991";2
"2994";5
"2995";2
"2996";27
"2997";2
"2998";5
"3000";7
"3001";5
"3003";3
"3004";5
"3005";3
"3006";10
"3007";3
"3009";3
"3010";2
"3011";2
"3012";5
"3013";5
"3014";2
"3015";14
"3018";5
"3019";2
"3020";2
"3021";8
"3023";2
"3024";3
"3025";2
"3026";3
"3027";4
"3029";10
"3030";2
"3031";2
"3032";7
"3034";5
"3035";57
"3036";2
"3037";2
"3038";5
"3039";9
"3040";9
"3042";7
"3043";6
"3046";3
"3048";16
"3050";11
"3052";2
"3057";3
"3059";3
"3060";1
"3061";3
"3062";1
"3063";8
"3064";2
"3066";7
"3068";3
"3069";2
"3070";4
"3072";4
"3073";2
"3074";2
"3075";5
"3078";2
"3079";8
"3080";2
"3081";5
"3082";2
"3083";5
"3084";5
"3086";5
"3087";16
"3088";3
"3089";23
"3090";2
"3091";2
"3092";2
"3093";5
"3095";2
"3096";2
"3097";2
"3098";2
"3099";2
"3100";2
"3101";2
"3103";2
"3105";2
"3106";12
"3107";9
"3108";5
"3109";3
"3110";3
"3113";2
"3114";2
"3115";2
"3116";3
"3117";2
"3118";2
"3119";2
"3121";3
"3122";2
"3123";2
"3125";3
"3126";2
"3128";3
"3131";3
"3132";2
"3136";7
"3137";2
"3139";2
"3140";2
"3141";2
"3143";3
"3144";3
"3145";2
"3146";4
"3148";2
"3149";2
"3150";2
"3152";2
"3153";17
"3155";8
"3156";7
"3159";3
"3160";16
"3161";6
"3162";6
"3163";1
"3165";3
"3168";3
"3170";9
"3172";2
"3173";8
"3174";3
"3175";2
"3176";3
"3177";4
"3178";10
"3180";24
"3181";2
"3182";2
"3183";2
"3184";2
"3185";5
"3186";6
"3188";2
"3189";6
"3190";10
"3191";2
"3192";12
"3194";1
"3195";5
"3196";2
"3197";3
"3198";2
"3199";3
"3200";4
"3201";2
"3202";2
"3203";3
"3204";2
"3205";2
"3206";14
"3207";3
"3208";5
"3209";2
"3210";8
"3213";2
"3214";2
"3215";3
"3217";11
"3218";6
"3220";2
"3221";8
"3222";3
"3226";8
"3227";2
"3228";6
"3229";8
"3230";4
"3231";2
"3232";2
"3233";3
"3234";3
"3235";5
"3236";2
"3238";2
"3239";2
"3240";4
"3241";2
"3242";3
"3243";2
"3244";13
"3245";12
"3247";10
"3249";4
"3250";3
"3252";13
"3255";2
"3256";2
"3257";2
"3258";3
"3259";2
"3260";2
"3261";4
"3262";3
"3263";2
"3264";2
"3266";2
"3267";4
"3268";2
"3269";2
"3270";2
"3271";2
"3272";2
"3273";2
"3275";2
"3277";2
"3279";2
"3280";2
"3282";2
"3284";3
"3285";2
"3286";2
"3288";2
"3289";4
"3290";2
"3292";8
"3293";15
"3296";3
"3298";3
"3299";16
"3302";9
"3307";63
"3308";17
"3309";18
"3312";2
"3313";2
"3315";14
"3316";6
"3318";2
"3319";2
"3321";3
"3322";25
"3323";7
"3324";5
"3325";6
"3326";4
"3327";6
"3328";2
"3329";2
"3330";11
"3331";4
"3333";1
"3335";2
"3337";21
"3338";2
"3339";2
"3340";2
"3341";16
"3342";3
"3343";12
"3344";15
"3345";2
"3348";2
"3350";2
"3352";2
"3353";2
"3355";16
"3356";2
"3357";6
"3358";2
"3359";2
"3360";2
"3362";2
"3363";62
"3364";8
"3365";2
"3366";2
"3369";2
"3371";2
"3372";2
"3373";6
"3375";7
"3376";2
"3377";2
"3378";2
"3379";2
"3380";2
"3381";10
"3384";2
"3385";5
"3387";2
"3388";2
"3389";2
"3390";3
"3391";11
"3392";4
"3394";9
"3396";4
"3397";2
"3398";3
"3399";2
"3400";27
"3402";2
"3403";2
"3404";8
"3406";2
"3408";2
"3409";8
"3412";9
"3414";5
"3417";19
"3418";4
"3419";4
"3421";7
"3422";2
"3423";9
"3424";3
"3425";2
"3427";2
"3428";2
"3429";2
"3430";2
"3432";15
"3433";14
"3434";3
"3435";16
"3436";9
"3438";5
"3440";6
"3441";13
"3442";41
"3443";2
"3444";17
"3445";8
"3446";3
"3448";11
"3449";15
"3450";23
"3451";10
"3453";3
"3455";3
"3456";2
"3457";2
"3458";2
"3459";5
"3460";2
"3462";2
"3464";2
"3465";2
"3467";3
"3468";2
"3473";14
"3476";2
"3477";2
"3478";2
"3479";5
"3481";3
"3482";2
"3484";7
"3485";2
"3486";2
"3487";2
"3488";3
"3489";3
"3490";4
"3491";3
"3492";3
"3494";10
"3495";2
"3496";3
"3497";3
"3498";2
"3499";7
"3500";3
"3501";2
"3502";2
"3503";2
"3504";3
"3505";2
"3506";5
"3508";13
"3509";9
"3510";14
"3517";2
"3518";13
"3520";7
"3522";11
"3524";3
"3526";10
"3527";2
"3533";2
"3534";4
"3535";2
"3536";3
"3537";5
"3539";5
"3541";3
"3543";2
"3544";3
"3545";3
"3547";11
"3549";2
"3550";2
"3551";5
"3553";2
"3554";9
"3555";7
"3556";5
"3559";4
"3561";2
"3562";4
"3564";3
"3567";4
"3568";5
"3569";2
"3570";8
"3572";9
"3573";3
"3574";6
"3575";2
"3577";2
"3579";3
"3580";2
"3581";2
"3582";3
"3583";2
"3584";2
"3585";3
"3587";2
"3588";2
"3590";2
"3591";3
"3592";2
"3593";18
"3594";2
"3595";2
"3596";3
"3597";2
"3599";9
"3600";3
"3601";3
"3602";12
"3603";9
"3606";3
"3610";5
"3611";4
"3612";11
"3613";3
"3615";2
"3616";26
"3617";2
"3618";15
"3619";6
"3620";2
"3622";3
"3624";5
"3626";2
"3628";8
"3629";10
"3630";2
"3631";17
"3634";2
"3635";2
"3636";2
"3637";5
"3638";4
"3639";2
"3640";10
"3641";7
"3642";11
"3643";3
"3644";5
"3645";47
"3646";2
"3647";6
"3651";8
"3653";8
"3654";2
"3655";2
"3656";4
"3657";2
"3658";2
"3659";2
"3660";4
"3662";3
"3664";2
"3665";3
"3668";18
"3669";1
"3670";2
"3671";2
"3672";5
"3673";2
"3674";3
"3676";2
"3678";6
"3680";18
"3682";3
"3685";3
"3688";4
"3689";6
"3690";1
"3691";4
"3692";16
"3693";8
"3695";7
"3696";2
"3697";10
"3698";2
"3699";4
"3700";14
"3701";2
"3702";2
"3704";8
"3705";2
"3707";11
"3708";2
"3709";5
"3712";4
"3713";2
"3714";3
"3715";30
"3717";5
"3719";5
"3720";2
"3721";13
"3723";2
"3726";2
"3727";4
"3728";3
"3729";2
"3730";3
"3731";2
"3732";1
"3733";4
"3736";1
"3737";260
"3738";260
"3739";5
"3740";1
"3741";24
"3742";4
"3745";16
"3748";12
"3749";6
"3750";3
"3752";4
"3753";2
"3754";7
"3755";4
"3757";3
"3758";3
"3760";3
"3762";15
"3763";2
"3764";4
"3765";4
"3766";11
"3767";2
"3768";14
"3769";7
"3772";2
"3774";2
"3777";2
"3778";4
"3779";8
"3780";3
"3781";2
"3782";2
"3783";3
"3784";2
"3786";6
"3787";2
"3788";2
"3789";2
"3790";3
"3791";2
"3792";4
"3793";2
"3794";2
"3795";4
"3797";8
"3798";2
"3804";3
"3808";4
"3809";4
"3811";4
"3812";5
"3813";5
"3815";4
"3816";6
"3819";3
"3820";3
"3821";14
"3822";11
"3823";2
"3825";2
"3826";3
"3828";6
"3829";2
"3832";3
"3833";3
"3834";3
"3835";3
"3836";2
"3838";3
"3839";3
"3840";2
"3841";2
"3842";70
"3843";4
"3849";15
"3850";2
"3852";3
"3854";2
"3855";2
"3856";2
"3857";19
"3858";2
"3859";12
"3861";6
"3863";5
"3864";5
"3865";2
"3867";4
"3868";2
"3869";8
"3871";4
"3872";2
"3873";8
"3875";2
"3877";2
"3881";5
"3882";3
"3883";2
"3885";2
"3887";8
"3888";4
"3890";3
"3891";3
"3895";2
"3897";260
"3898";5
"3899";3
"3900";9
"3901";2
"3902";20
"3905";8
"3910";18
"3911";3
"3912";3
"3913";7
"3914";7
"3915";2
"3916";4
"3917";3
"3918";2
"3919";4
"3921";6
"3922";2
"3925";7
"3926";2
"3927";6
"3929";19
"3930";15
"3933";8
"3934";4
"3935";3
"3937";2
"3938";8
"3940";45
"3943";6
"3944";15
"3945";35
"3949";2
"3950";2
"3951";2
"3952";2
"3953";7
"3955";4
"3956";8
"3957";2
"3960";3
"3965";7
"3966";2
"3967";2
"3969";2
"3971";2
"3972";3
"3973";7
"3975";4
"3978";2
"3979";4
"3980";5
"3981";2
"3982";6
"3983";26
"3988";2
"3989";18
"3991";3
"3992";4
"3993";4
"3997";13
"3998";6
"3999";3
"4000";4
"4002";4
"4003";6
"4005";2
"4006";3
"4007";5
"4008";3
"4011";2
"4012";9
"4013";6
"4014";5
"4015";4
"4017";5
"4018";2
"4019";3
"4020";2
"4021";3
"4022";2
"4024";11
"4025";5
"4027";9
"4029";2
"4030";2
"4031";4
"4033";2
"4034";2
"4035";3
"4036";5
"4037";2
"4038";2
"4039";2
"4040";3
"4042";9
"4043";8
"4044";3
"4045";3
"4047";56
"4048";2
"4049";2
"4050";2
"4051";5
"4054";4
"4055";3
"4056";2
"4059";2
"4061";4
"4062";4
"4063";2
"4064";7
"4065";3
"4066";5
"4067";18
"4068";18
"4069";3
"4070";24
"4071";6
"4073";23
"4074";4
"4077";13
"4078";69
"4079";16
"4082";7
"4083";2
"4084";4
"4085";5
"4086";5
"4088";8
"4090";7
"4091";2
"4092";2
"4094";8
"4095";2
"4096";2
"4097";3
"4098";3
"4099";3
"4100";5
"4102";2
"4103";2
"4104";2
"4107";5
"4108";2
"4109";3
"4110";3
"4115";12
"4116";3
"4118";14
"4119";13
"4120";3
"4122";2
"4123";2
"4124";4
"4125";2
"4127";2
"4128";2
"4129";4
"4131";7
"4132";3
"4133";2
"4134";3
"4139";2
"4140";2
"4141";3
"4142";2
"4143";6
"4144";2
"4145";2
"4146";2
"4147";2
"4148";2
"4149";5
"4150";3
"4151";2
"4152";3
"4153";11
"4154";2
"4155";6
"4156";4
"4157";4
"4158";12
"4159";3
"4161";3
"4162";2
"4163";3
"4164";6
"4165";2
"4167";8
"4169";2
"4170";7
"4171";3
"4172";3
"4173";2
"4174";4
"4177";5
"4180";5
"4184";9
"4186";8
"4188";22
"4190";2
"4193";3
"4194";2
"4195";5
"4196";3
"4197";2
"4198";2
"4200";2
"4201";10
"4202";11
"4203";4
"4204";2
"4205";7
"4207";4
"4208";5
"4209";5
"4210";2
"4211";10
"4212";3
"4213";2
"4214";2
"4215";5
"4216";2
"4217";4
"4218";4
"4219";2
"4220";11
"4221";9
"4222";2
"4223";2
"4224";4
"4225";2
"4226";2
"4229";3
"4230";3
"4231";5
"4233";7
"4234";4
"4235";6
"4236";4
"4237";4
"4239";9
"4241";4
"4242";8
"4245";3
"4248";7
"4250";3
"4251";26
"4252";26
"4254";3
"4260";7
"4261";18
"4262";5
"4263";3
"4264";4
"4265";8
"4267";3
"4268";7
"4270";3
"4271";3
"4276";11
"4278";2
"4281";8
"4286";4
"4288";4
"4289";6
"4290";4
"4292";2
"4293";3
"4294";2
"4295";11
"4296";6
"4297";2
"4298";8
"4300";8
"4301";2
"4303";6
"4304";4
"4305";9
"4308";5
"4309";9
"4310";8
"4311";9
"4313";2
"4315";4
"4317";5
"4318";2
"4321";36
"4322";2
"4323";4
"4325";2
"4327";9
"4328";3
"4329";12
"4330";7
"4331";15
"4332";14
"4333";3
"4334";4
"4335";3
"4336";3
"4338";3
"4339";2
"4340";3
"4341";2
"4342";4
"4343";3
"4344";3
"4347";4
"4348";8
"4350";8
"4351";15
"4353";3
"4354";3
"4356";5
"4357";4
"4358";2
"4359";2
"4361";17
"4363";7
"4364";1
"4366";8
"4367";2
"4369";4
"4370";5
"4372";3
"4373";6
"4374";4
"4375";2
"4376";35
"4377";6
"4378";4
"4379";3
"4382";3
"4383";2
"4384";21
"4385";3
"4386";2
"4387";3
"4389";4
"4390";4
"4391";6
"4395";11
"4396";2
"4397";2
"4399";3
"4400";3
"4401";3
"4402";10
"4403";17
"4404";1
"4406";3
"4407";4
"4408";2
"4409";9
"4411";4
"4412";3
"4413";19
"4414";2
"4415";3
"4416";2
"4418";4
"4419";3
"4420";13
"4421";6
"4422";4
"4424";2
"4425";3
"4426";4
"4427";3
"4428";2
"4429";3
"4430";3
"4431";6
"4432";15
"4434";3
"4435";5
"4436";2
"4438";3
"4440";2
"4441";8
"4443";9
"4447";29
"4450";138
"4451";2
"4452";13
"4453";8
"4454";5
"4455";4
"4459";14
"4460";9
"4461";13
"4462";2
"4463";11
"4464";2
"4465";2
"4466";2
"4467";2
"4469";10
"4470";2
"4473";2
"4475";6
"4476";2
"4477";2
"4478";8
"4479";29
"4480";2
"4481";5
"4482";2
"4484";2
"4488";4
"4489";2
"4490";3
"4492";4
"4493";4
"4494";2
"4495";2
"4497";4
"4498";6
"4499";4
"4500";2
"4501";2
"4502";5
"4503";2
"4504";2
"4505";4
"4506";5
"4508";3
"4510";2
"4511";2
"4514";8
"4515";15
"4516";7
"4518";5
"4521";2
"4522";5
"4525";2
"4527";4
"4529";4
"4530";6
"4531";3
"4532";7
"4533";12
"4534";4
"4535";2
"4536";2
"4537";2
"4540";3
"4541";3
"4543";4
"4544";1
"4546";2
"4547";20
"4548";2
"4549";2
"4550";5
"4553";10
"4555";3
"4557";2
"4561";2
"4562";5
"4563";3
"4564";2
"4567";1
"4568";2
"4569";6
"4570";1
"4573";6
"4574";2
"4575";2
"4577";10
"4578";3
"4579";19
"4581";3
"4582";3
"4584";4
"4585";3
"4586";2
"4588";2
"4589";3
"4590";2
"4594";5
"4598";4
"4601";1
"4603";12
"4608";2
"4611";2
"4613";4
"4614";5
"4615";2
"4616";3
"4617";2
"4618";2
"4619";3
"4620";24
"4621";2
"4622";2
"4623";2
"4624";10
"4626";3
"4627";21
"4628";8
"4629";6
"4630";8
"4632";67
"4634";89
"4635";171
"4636";10
"4637";9
"4638";2
"4640";2
"4641";4
"4642";5
"4644";4
"4645";21
"4647";4
"4649";2
"4650";3
"4651";4
"4653";3
"4654";3
"4655";4
"4658";2
"4660";9
"4661";2
"4662";8
"4663";2
"4664";3
"4665";3
"4666";18
"4669";2
"4670";15
"4671";5
"4672";2
"4673";2
"4674";5
"4675";3
"4676";4
"4678";6
"4679";3
"4681";2
"4682";6
"4683";3
"4684";6
"4685";2
"4687";5
"4688";2
"4690";4
"4692";5
"4695";12
"4696";2
"4698";3
"4699";6
"4702";7
"4703";4
"4705";4
"4708";3
"4709";2
"4710";3
"4711";2
"4713";2
"4714";3
"4715";2
"4716";3
"4717";26
"4719";2
"4721";2
"4722";3
"4723";3
"4724";2
"4725";2
"4727";7
"4729";3
"4731";7
"4737";2
"4739";3
"4740";10
"4741";9
"4742";5
"4743";3
"4745";4
"4746";3
"4749";2
"4750";6
"4751";8
"4752";3
"4754";2
"4755";5
"4756";2
"4757";2
"4758";3
"4759";2
"4760";3
"4761";2
"4764";4
"4765";2
"4766";4
"4767";4
"4768";5
"4771";4
"4772";16
"4773";2
"4774";2
"4775";2
"4776";9
"4777";11
"4778";4
"4782";4
"4784";2
"4785";2
"4787";8
"4789";17
"4790";4
"4791";4
"4792";4
"4793";2
"4794";13
"4795";2
"4796";2
"4797";3
"4798";3
"4799";4
"4800";3
"4801";3
"4802";2
"4804";3
"4805";16
"4807";2
"4809";5
"4811";3
"4813";7
"4814";3
"4815";2
"4816";2
"4818";3
"4820";5
"4821";2
"4822";14
"4823";2
"4824";3
"4825";3
"4828";2
"4829";4
"4831";2
"4832";2
"4833";2
"4834";6
"4835";3
"4837";3
"4839";7
"4840";2
"4842";2
"4843";2
"4846";25
"4847";8
"4848";6
"4849";10
"4850";6
"4851";2
"4852";14
"4853";4
"4854";7
"4855";5
"4856";3
"4858";4
"4859";3
"4862";3
"4864";4
"4865";7
"4867";4
"4868";2
"4869";2
"4870";4
"4871";2
"4875";2
"4877";2
"4878";6
"4880";3
"4881";3
"4882";3
"4883";4
"4884";2
"4885";5
"4886";3
"4887";3
"4888";15
"4890";3
"4891";5
"4892";3
"4894";3
"4895";3
"4896";7
"4897";3
"4899";4
"4900";5
"4902";10
"4904";2
"4905";4
"4906";5
"4907";2
"4908";4
"4909";4
"4910";2
"4911";7
"4913";4
"4914";3
"4915";5
"4916";3
"4919";15
"4920";4
"4923";11
"4924";6
"4927";3
"4928";6
"4929";7
"4930";2
"4932";2
"4933";4
"4936";2
"4938";2
"4939";5
"4940";3
"4941";2
"4943";3
"4944";2
"4945";2
"4946";4
"4948";4
"4949";14
"4951";7
"4952";10
"4953";4
"4954";5
"4955";3
"4958";3
"4960";3
"4961";4
"4963";2
"4964";7
"4965";4
"4966";3
"4967";6
"4968";3
"4970";2
"4971";4
"4973";3
"4974";2
"4978";2
"4979";8
"4980";2
"4982";2
"4985";4
"4987";3
"4989";4
"4991";2
"4992";2
"4993";5
"4997";2
"4998";3
"5000";4
"5001";3
"5002";2
"5003";6
"5004";4
"5005";2
"5006";3
"5007";3
"5008";4
"5009";2
"5010";2
"5012";2
"5013";2
"5014";2
"5015";4
"5016";6
"5017";2
"5018";18
"5019";3
"5020";2
"5022";2
"5023";5
"5024";2
"5026";6
"5027";3
"5028";3
"5029";3
"5030";2
"5032";9
"5035";2
"5037";11
"5039";4
"5040";11
"5041";3
"5043";10
"5044";10
"5045";24
"5046";5
"5048";15
"5051";12
"5052";3
"5056";14
"5057";24
"5059";2
"5061";17
"5062";2
"5063";2
"5064";3
"5065";2
"5067";18
"5068";3
"5070";2
"5071";4
"5072";2
"5073";2
"5074";3
"5075";2
"5076";10
"5077";2
"5078";3
"5080";2
"5081";9
"5083";5
"5084";2
"5085";4
"5087";2
"5088";1
"5089";1
"5090";2
"5091";6
"5093";2
"5094";2
"5095";5
"5097";2
"5098";3
"5099";2
"5101";2
"5103";8
"5104";17
"5106";10
"5107";7
"5108";2
"5112";1
"5113";2
"5115";3
"5116";4
"5118";6
"5119";6
"5120";6
"5121";17
"5122";9
"5123";3
"5124";1
"5125";15
"5126";15
"5127";6
"5130";17
"5131";1
"5133";20
"5134";6
"5135";3
"5136";8
"5138";3
"5139";17
"5140";4
"5141";1
"5142";6
"5143";5
"5144";3
"5145";3
"5146";3
"5147";7
"5148";3
"5149";8
"5152";12
"5153";24
"5154";24
"5155";3
"5158";4
"5159";6
"5161";4
"5162";17
"5163";15
"5164";4
"5165";8
"5166";36
"5167";2
"5168";11
"5169";2
"5171";5
"5175";5
"5179";11
"5183";4
"5184";5
"5186";19
"5187";5
"5189";4
"5190";32
"5191";7
"5194";2
"5195";8
"5196";2
"5198";3
"5200";2
"5201";3
"5202";6
"5204";2
"5205";1
"5206";2
"5207";3
"5208";2
"5209";12
"5210";3
"5211";2
"5212";2
"5213";3
"5214";23
"5215";4
"5216";4
"5217";7
"5218";2
"5221";2
"5222";5
"5224";3
"5225";4
"5226";3
"5230";2
"5231";2
"5233";5
"5234";3
"5235";5
"5236";5
"5237";12
"5238";3
"5243";3
"5245";3
"5246";11
"5247";2
"5248";3
"5249";2
"5252";2
"5253";2
"5254";5
"5255";5
"5257";5
"5258";6
"5259";1
"5260";3
"5262";8
"5264";4
"5265";3
"5266";8
"5268";20
"5269";14
"5270";2
"5271";5
"5273";1
"5276";2
"5277";5
"5278";9
"5279";4
"5280";3
"5281";2
"5282";7
"5283";3
"5284";3
"5285";4
"5286";2
"5287";7
"5288";7
"5289";2
"5290";29
"5292";9
"5293";2
"5294";3
"5295";5
"5296";18
"5297";2
"5299";2
"5300";5
"5301";2
"5302";4
"5303";2
"5304";3
"5305";2
"5307";2
"5308";2
"5310";9
"5311";2
"5312";1
"5313";2
"5314";2
"5315";5
"5316";2
"5318";7
"5320";2
"5321";4
"5322";5
"5324";4
"5326";4
"5327";6
"5328";8
"5329";3
"5330";2
"5331";3
"5332";2
"5333";3
"5334";5
"5335";5
"5336";2
"5338";2
"5339";2
"5340";34
"5341";3
"5343";7
"5344";2
"5345";2
"5346";2
"5348";4
"5350";3
"5351";10
"5353";20
"5355";15
"5356";5
"5357";4
"5360";8
"5361";11
"5362";11
"5364";9
"5365";2
"5368";2
"5369";4
"5371";2
"5372";6
"5373";2
"5374";7
"5375";5
"5376";2
"5377";4
"5378";8
"5379";5
"5380";4
"5381";3
"5382";2
"5384";2
"5385";4
"5387";6
"5388";2
"5389";4
"5390";28
"5392";54
"5393";5
"5395";4
"5396";7
"5398";3
"5399";2
"5400";2
"5401";2
"5405";1
"5406";2
"5409";4
"5411";2
"5412";4
"5413";2
"5415";3
"5416";2
"5417";8
"5418";4
"5420";4
"5421";6
"5422";3
"5423";6
"5424";4
"5425";4
"5426";5
"5427";3
"5428";2
"5430";5
"5431";4
"5432";10
"5433";1
"5434";2
"5436";5
"5437";2
"5438";1
"5440";11
"5442";3
"5443";3
"5444";7
"5446";4
"5448";3
"5449";3
"5450";3
"5451";2
"5452";2
"5453";2
"5454";2
"5456";2
"5457";2
"5458";4
"5459";2
"5460";10
"5462";2
"5464";4
"5466";3
"5468";2
"5469";2
"5470";2
"5472";3
"5474";4
"5475";11
"5476";7
"5477";2
"5479";10
"5480";1
"5481";2
"5482";2
"5483";3
"5484";8
"5485";21
"5486";2
"5487";2
"5489";3
"5491";3
"5492";2
"5494";2
"5495";3
"5496";4
"5498";5
"5499";5
"5500";3
"5501";6
"5502";3
"5503";2
"5505";3
"5507";2
"5509";5
"5510";4
"5511";2
"5513";260
"5514";5
"5516";3
"5517";6
"5519";14
"5520";1
"5522";5
"5523";24
"5526";4
"5527";5
"5529";2
"5530";5
"5532";4
"5535";3
"5536";2
"5537";4
"5538";1
"5540";10
"5541";2
"5543";8
"5545";12
"5546";1
"5547";12
"5548";2
"5549";2
"5550";3
"5551";3
"5553";1
"5554";3
"5555";2
"5556";3
"5557";3
"5558";6
"5559";5
"5560";2
"5564";2
"5567";3
"5569";2
"5570";3
"5571";3
"5572";3
"5573";4
"5574";2
"5576";2
"5577";2
"5579";4
"5580";2
"5581";2
"5583";3
"5585";5
"5586";2
"5587";9
"5589";4
"5590";2
"5591";4
"5592";3
"5593";3
"5598";3
"5599";8
"5600";2
"5602";2
"5603";2
"5604";2
"5605";2
"5606";1
"5607";2
"5609";4
"5610";2
"5611";2
"5612";2
"5613";2
"5614";5
"5615";15
"5616";7
"5619";2
"5620";4
"5621";2
"5622";3
"5624";1
"5625";2
"5626";12
"5627";3
"5628";6
"5630";6
"5633";19
"5635";2
"5637";2
"5639";5
"5640";3
"5641";5
"5642";4
"5643";3
"5645";2
"5646";6
"5647";5
"5648";3
"5651";2
"5652";4
"5653";2
"5654";19
"5655";6
"5656";7
"5657";3
"5658";2
"5659";8
"5661";4
"5662";10
"5663";2
"5664";5
"5665";2
"5667";2
"5669";3
"5670";3
"5671";2
"5672";4
"5673";2
"5676";3
"5677";3
"5678";3
"5679";3
"5680";4
"5681";2
"5682";79
"5683";2
"5684";2
"5686";8
"5688";2
"5690";3
"5692";2
"5693";3
"5694";3
"5695";2
"5696";4
"5697";2
"5698";2
"5699";5
"5700";2
"5701";5
"5702";5
"5704";12
"5705";3
"5707";8
"5709";3
"5710";4
"5711";2
"5713";7
"5714";9
"5716";10
"5717";6
"5718";20
"5719";7
"5723";2
"5730";14
"5731";3
"5732";6
"5733";7
"5734";2
"5735";5
"5736";3
"5737";3
"5739";1
"5740";9
"5741";2
"5742";3
"5743";2
"5744";2
"5745";3
"5749";2
"5750";3
"5751";10
"5753";2
"5754";3
"5755";4
"5756";2
"5757";2
"5759";20
"5760";8
"5762";3
"5763";9
"5764";2
"5765";5
"5766";2
"5767";2
"5768";12
"5769";11
"5770";2
"5771";2
"5772";2
"5773";2
"5774";2
"5775";6
"5776";4
"5777";2
"5778";260
"5780";3
"5782";2
"5784";6
"5785";3
"5787";9
"5790";1
"5791";1
"5792";2
"5794";1
"5795";3
"5796";4
"5797";3
"5798";8
"5799";3
"5800";4
"5801";3
"5802";2
"5803";2
"5806";6
"5807";3
"5810";2
"5811";4
"5812";4
"5814";2
"5815";8
"5816";2
"5817";2
"5818";2
"5820";2
"5822";2
"5823";4
"5824";3
"5825";4
"5826";7
"5827";2
"5829";14
"5830";9
"5831";2
"5832";3
"5833";2
"5834";2
"5836";3
"5837";6
"5842";3
"5844";4
"5845";7
"5846";2
"5847";2
"5849";3
"5850";2
"5854";3
"5855";2
"5856";2
"5857";5
"5858";4
"5859";4
"5860";9
"5861";2
"5863";5
"5866";4
"5867";2
"5869";2
"5871";6
"5872";13
"5873";13
"5874";3
"5875";2
"5877";3
"5878";10
"5879";9
"5881";4
"5882";3
"5883";11
"5884";7
"5885";6
"5886";3
"5887";2
"5888";10
"5889";18
"5890";2
"5891";2
"5892";3
"5893";3
"5895";3
"5897";38
"5898";2
"5900";8
"5901";5
"5902";2
"5905";3
"5906";4
"5908";4
"5910";3
"5911";3
"5919";4
"5920";2
"5923";4
"5924";2
"5928";2
"5929";2
"5931";3
"5932";7
"5933";4
"5934";3
"5935";3
"5936";2
"5937";3
"5938";2
"5939";3
"5941";32
"5942";3
"5943";2
"5944";21
"5946";15
"5947";3
"5948";4
"5949";2
"5950";4
"5951";3
"5952";3
"5954";2
"5955";2
"5957";5
"5958";7
"5959";7
"5960";2
"5962";10
"5963";2
"5964";2
"5965";7
"5966";6
"5968";3
"5970";3
"5971";4
"5972";4
"5973";4
"5975";3
"5976";4
"5977";2
"5979";5
"5980";3
"5981";9
"5982";3
"5983";6
"5984";14
"5985";6
"5987";5
"5988";12
"5989";4
"5991";9
"5993";10
"5997";2
"5998";2
"5999";3
"6002";2
"6003";5
"6005";7
"6006";2
"6008";3
"6010";4
"6011";2
"6012";8
"6013";2
"6014";4
"6015";2
"6016";2
"6017";2
"6018";3
"6019";36
"6021";2
"6022";4
"6023";3
"6024";6
"6025";2
"6026";3
"6029";3
"6030";6
"6031";2
"6034";2
"6035";4
"6036";12
"6037";9
"6039";4
"6040";8
"6042";11
"6044";5
"6045";27
"6048";14
"6050";2
"6051";2
"6055";4
"6056";8
"6061";3
"6062";2
"6063";2
"6065";3
"6066";2
"6067";2
"6068";2
"6070";10
"6071";2
"6072";16
"6074";16
"6075";2
"6076";9
"6077";2
"6079";2
"6080";6
"6081";2
"6082";4
"6083";3
"6084";2
"6086";3
"6087";2
"6088";2
"6089";4
"6090";5
"6091";7
"6092";3
"6093";2
"6094";3
"6100";2
"6103";3
"6104";4
"6105";7
"6107";6
"6109";2
"6110";4
"6111";3
"6112";47
"6113";14
"6114";8
"6115";5
"6116";3
"6117";3
"6118";8
"6120";3
"6121";2
"6122";3
"6123";2
"6124";4
"6125";1
"6126";5
"6127";8
"6128";2
"6129";4
"6130";3
"6131";6
"6132";14
"6134";3
"6135";2
"6136";11
"6137";18
"6138";9
"6139";21
"6140";4
"6141";2
"6142";2
"6143";4
"6144";2
"6145";3
"6146";8
"6147";11
"6148";3
"6150";5
"6151";4
"6155";2
"6156";3
"6157";2
"6158";14
"6159";4
"6162";2
"6163";3
"6164";1
"6165";10
"6166";2
"6168";20
"6169";2
"6170";4
"6171";2
"6173";2
"6175";28
"6177";2
"6178";2
"6179";3
"6180";2
"6181";3
"6182";3
"6184";6
"6187";2
"6188";4
"6189";3
"6190";2
"6192";3
"6193";1
"6194";2
"6195";4
"6196";4
"6197";2
"6198";2
"6200";52
"6203";7
"6205";6
"6206";7
"6207";55
"6208";1
"6209";2
"6210";3
"6212";2
"6215";4
"6216";6
"6217";17
"6220";4
"6221";11
"6222";3
"6223";2
"6224";4
"6227";4
"6228";4
"6229";6
"6230";3
"6231";5
"6232";8
"6233";2
"6234";3
"6235";8
"6236";4
"6237";8
"6238";3
"6239";3
"6240";3
"6241";4
"6242";2
"6243";2
"6244";5
"6245";7
"6246";5
"6247";4
"6249";2
"6251";3
"6253";3
"6254";2
"6255";3
"6256";3
"6257";23
"6258";2
"6259";2
"6260";8
"6262";3
"6263";3
"6264";9
"6265";4
"6266";2
"6270";2
"6271";6
"6272";4
"6273";2
"6274";4
"6275";3
"6276";3
"6277";2
"6279";3
"6280";3
"6281";2
"6282";3
"6283";3
"6284";2
"6285";8
"6286";3
"6287";5
"6290";2
"6291";2
"6292";3
"6293";2
"6294";3
"6295";6
"6296";17
"6297";17
"6300";8
"6305";7
"6306";5
"6307";7
"6308";4
"6314";11
"6315";3
"6316";3
"6317";2
"6319";2
"6320";1
"6324";3
"6325";2
"6326";3
"6327";2
"6328";14
"6330";2
"6333";2
"6334";2
"6336";2
"6337";3
"6338";7
"6343";4
"6346";2
"6351";4
"6353";9
"6359";9
"6362";3
"6364";2
"6368";2
"6369";4
"6370";2
"6371";9
"6372";2
"6373";4
"6375";4
"6376";4
"6377";2
"6379";2
"6380";2
"6382";2
"6383";2
"6384";2
"6385";2
"6386";3
"6387";5
"6388";3
"6389";7
"6390";13
"6391";3
"6392";4
"6393";2
"6395";5
"6396";14
"6398";2
"6399";3
"6401";3
"6402";3
"6404";5
"6405";2
"6406";5
"6407";2
"6408";23
"6409";4
"6410";8
"6411";7
"6412";3
"6415";5
"6416";5
"6418";5
"6423";5
"6425";4
"6426";2
"6427";3
"6428";4
"6431";3
"6432";3
"6435";3
"6436";3
"6437";3
"6438";3
"6440";2
"6442";3
"6443";3
"6444";2
"6445";2
"6446";2
"6447";4
"6449";2
"6450";2
"6451";2
"6453";3
"6454";2
"6455";17
"6456";3
"6457";3
"6458";2
"6459";5
"6460";3
"6461";3
"6462";2
"6463";3
"6465";2
"6467";3
"6468";12
"6469";5
"6470";7
"6471";2
"6473";2
"6474";2
"6475";3
"6476";11
"6477";16
"6478";2
"6479";3
"6480";2
"6481";14
"6482";3
"6483";3
"6485";5
"6486";3
"6487";7
"6489";7
"6491";8
"6492";4
"6493";25
"6494";25
"6495";9
"6496";6
"6499";4
"6500";7
"6502";3
"6503";50
"6511";2
"6512";2
"6513";3
"6514";1
"6515";2
"6516";17
"6518";2
"6519";3
"6522";5
"6523";13
"6524";3
"6525";5
"6528";10
"6529";6
"6530";2
"6531";2
"6532";2
"6533";3
"6535";2
"6536";4
"6537";3
"6539";4
"6541";2
"6542";3
"6543";2
"6545";3
"6546";3
"6547";11
"6549";2
"6550";6
"6553";3
"6554";2
"6555";2
"6556";2
"6558";2
"6560";2
"6561";6
"6562";3
"6564";2
"6565";11
"6567";3
"6569";2
"6570";2
"6572";2
"6573";5
"6574";3
"6575";2
"6577";4
"6578";2
"6579";3
"6580";10
"6581";2
"6582";2
"6583";5
"6584";2
"6585";3
"6586";3
"6587";25
"6589";3
"6592";4
"6595";2
"6596";6
"6599";10
"6600";10
"6606";5
"6607";2
"6608";2
"6609";4
"6610";4
"6611";3
"6613";3
"6614";2
"6615";4
"6616";6
"6618";4
"6619";21
"6620";6
"6623";3
"6624";5
"6625";4
"6626";2
"6627";2
"6630";3
"6631";2
"6632";3
"6633";3
"6634";2
"6635";2
"6636";4
"6637";2
"6638";2
"6640";2
"6641";4
"6642";5
"6644";7
"6645";5
"6646";2
"6647";8
"6648";25
"6650";2
"6652";8
"6653";5
"6654";3
"6655";8
"6656";5
"6657";2
"6658";21
"6659";3
"6660";3
"6661";2
"6662";2
"6663";25
"6664";2
"6665";3
"6666";2
"6667";3
"6669";12
"6670";4
"6673";2
"6674";4
"6675";10
"6676";6
"6677";11
"6678";2
"6679";10
"6680";7
"6687";5
"6693";6
"6694";1
"6695";3
"6696";3
"6699";3
"6700";3
"6701";2
"6702";2
"6703";4
"6704";3
"6706";2
"6708";3
"6709";4
"6711";2
"6712";3
"6715";2
"6716";2
"6717";3
"6718";3
"6719";3
"6720";7
"6723";4
"6724";2
"6725";3
"6726";2
"6727";3
"6728";2
"6729";5
"6731";2
"6732";2
"6733";2
"6734";1
"6736";2
"6738";6
"6739";4
"6740";3
"6741";2
"6742";2
"6743";2
"6747";3
"6748";2
"6750";3
"6751";7
"6752";2
"6753";4
"6754";4
"6755";3
"6756";7
"6757";4
"6758";13
"6760";9
"6761";3
"6766";3
"6769";3
"6774";4
"6776";7
"6777";25
"6778";2
"6779";4
"6780";2
"6782";2
"6784";3
"6785";5
"6786";3
"6787";2
"6788";2
"6789";3
"6790";4
"6791";2
"6792";2
"6793";2
"6794";3
"6795";3
"6796";2
"6798";3
"6799";11
"6800";4
"6801";3
"6802";2
"6803";4
"6804";2
"6805";2
"6806";6
"6807";2
"6808";4
"6810";5
"6811";6
"6812";6
"6814";2
"6816";11
"6817";2
"6818";3
"6819";3
"6820";3
"6822";5
"6824";3
"6825";6
"6826";3
"6828";2
"6829";6
"6830";30
"6831";7
"6832";2
"6833";4
"6834";3
"6836";3
"6837";4
"6838";4
"6839";2
"6840";4
"6841";3
"6843";4
"6844";8
"6845";1
"6846";3
"6848";2
"6849";3
"6850";5
"6852";4
"6854";15
"6855";15
"6856";18
"6857";7
"6859";2
"6860";1
"6861";3
"6862";3
"6864";6
"6867";5
"6869";7
"6870";4
"6872";15
"6876";12
"6881";8
"6882";2
"6883";4
"6885";2
"6886";6
"6887";9
"6888";2
"6890";5
"6891";2
"6892";3
"6894";3
"6895";2
"6896";2
"6897";4
"6898";15
"6899";4
"6900";8
"6901";2
"6902";33
"6903";2
"6904";2
"6906";3
"6908";2
"6909";9
"6911";2
"6913";2
"6914";2
"6915";6
"6916";2
"6917";3
"6918";3
"6919";3
"6920";6
"6921";19
"6922";7
"6923";5
"6924";2
"6926";5
"6927";2
"6929";2
"6930";3
"6931";2
"6933";2
"6935";4
"6936";8
"6937";6
"6938";31
"6939";2
"6941";3
"6945";11
"6946";2
"6947";3
"6949";3
"6952";3
"6953";10
"6955";22
"6956";3
"6958";3
"6959";3
"6961";5
"6963";2
"6964";2
"6965";3
"6967";13
"6968";3
"6969";5
"6970";4
"6971";2
"6972";3
"6974";10
"6975";5
"6977";2
"6979";3
"6980";3
"6981";11
"6983";2
"6985";4
"6986";2
"6987";2
"6988";3
"6989";4
"6991";5
"6992";6
"6993";2
"6994";5
"6995";2
"6997";5
"7000";2
"7001";12
"7002";3
"7003";5
"7004";2
"7005";2
"7006";3
"7007";6
"7008";27
"7011";4
"7012";3
"7013";18
"7014";6
"7015";3
"7016";2
"7017";3
"7019";24
"7020";10
"7021";2
"7022";6
"7023";19
"7024";5
"7027";4
"7028";2
"7032";3
"7033";9
"7035";7
"7039";5
"7041";3
"7042";10
"7045";9
"7047";18
"7049";3
"7050";3
"7052";2
"7053";2
"7055";2
"7056";4
"7057";2
"7058";5
"7059";3
"7060";2
"7061";2
"7062";6
"7063";2
"7064";21
"7065";2
"7066";7
"7067";4
"7068";2
"7069";10
"7070";3
"7071";3
"7072";6
"7073";2
"7074";2
"7075";3
"7076";4
"7077";2
"7078";15
"7079";2
"7080";2
"7081";4
"7086";2
"7089";1
"7090";1
"7091";1
"7092";1
"7093";1
"7094";1
"7095";1
"7096";1
"7097";1
"7098";4
"7099";7
"7100";2
"7101";14
"7102";4
"7103";2
"7104";4
"7105";3
"7106";2
"7108";15
"7109";3
"7110";3
"7111";2
"7112";2
"7113";3
"7114";2
"7115";2
"7116";5
"7117";9
"7119";3
"7120";5
"7121";3
"7122";1
"7123";2
"7124";2
"7126";13
"7128";3
"7129";4
"7130";6
"7131";2
"7132";2
"7134";3
"7135";2
"7137";3
"7138";11
"7140";8
"7151";6
"7152";6
"7155";4
"7158";20
"7159";3
"7160";2
"7161";3
"7162";4
"7163";21
"7164";3
"7165";7
"7166";3
"7167";2
"7168";7
"7169";2
"7170";4
"7171";2
"7172";4
"7173";2
"7174";2
"7175";13
"7176";2
"7177";3
"7178";2
"7179";4
"7181";2
"7183";2
"7184";3
"7185";2
"7186";8
"7187";2
"7188";5
"7189";77
"7190";3
"7191";4
"7192";5
"7193";2
"7194";1
"7195";1
"7196";3
"7197";4
"7199";4
"7200";5
"7202";4
"7203";14
"7204";9
"7206";2
"7207";2
"7208";4
"7209";9
"7211";6
"7212";3
"7213";17
"7214";7
"7215";2
"7216";2
"7217";58
"7218";2
"7219";5
"7220";2
"7222";2
"7223";5
"7225";3
"7227";3
"7228";5
"7229";13
"7232";2
"7233";6
"7234";2
"7235";3
"7237";12
"7238";5
"7239";6
"7240";1
"7241";2
"7242";4
"7243";6
"7245";10
"7246";6
"7247";4
"7249";2
"7250";2
"7251";2
"7252";8
"7253";4
"7255";2
"7257";5
"7258";14
"7259";10
"7261";4
"7262";2
"7263";10
"7265";4
"7266";9
"7268";2
"7270";4
"7271";2
"7272";4
"7276";2
"7278";4
"7279";6
"7280";5
"7285";3
"7286";4
"7287";7
"7288";4
"7289";5
"7290";4
"7291";4
"7292";2
"7293";3
"7294";2
"7295";3
"7296";8
"7298";2
"7299";3
"7300";4
"7301";5
"7302";3
"7303";3
"7304";6
"7305";2
"7306";8
"7307";3
"7308";2
"7309";3
"7310";2
"7311";2
"7312";3
"7313";5
"7314";2
"7315";4
"7316";2
"7317";6
"7318";4
"7319";11
"7320";7
"7321";59
"7322";7
"7323";2
"7324";2
"7325";13
"7326";3
"7328";3
"7329";3
"7330";4
"7331";2
"7332";2
"7333";4
"7334";2
"7335";2
"7336";3
"7337";3
"7338";2
"7339";1
"7340";2
"7341";4
"7342";3
"7343";4
"7344";5
"7345";7
"7348";4
"7349";2
"7350";9
"7351";2
"7352";2
"7353";4
"7355";5
"7356";2
"7357";2
"7358";2
"7359";11
"7360";2
"7361";3
"7363";7
"7364";2
"7365";2
"7366";3
"7367";2
"7369";2
"7371";2
"7372";4
"7373";3
"7374";3
"7376";2
"7377";4
"7378";3
"7379";3
"7380";21
"7381";1
"7382";3
"7383";3
"7384";5
"7385";4
"7387";2
"7388";10
"7389";2
"7392";9
"7398";11
"7399";18
"7403";9
"7404";8
"7405";4
"7406";3
"7407";3
"7408";2
"7409";3
"7410";2
"7411";3
"7412";2
"7413";6
"7414";2
"7415";4
"7416";3
"7417";2
"7418";4
"7419";2
"7420";6
"7421";3
"7422";24
"7423";8
"7424";1
"7426";3
"7427";2
"7429";2
"7430";2
"7433";4
"7434";3
"7435";2
"7436";2
"7437";4
"7438";4
"7441";5
"7442";5
"7443";1
"7444";2
"7445";4
"7446";2
"7447";1
"7448";2
"7449";2
"7450";2
"7451";3
"7453";3
"7454";13
"7455";2
"7456";4
"7457";4
"7459";2
"7460";4
"7461";5
"7462";3
"7463";3
"7464";3
"7465";2
"7467";16
"7468";3
"7469";2
"7471";4
"7472";2
"7473";3
"7474";6
"7475";3
"7477";5
"7478";5
"7479";3
"7480";5
"7481";1
"7482";3
"7483";3
"7484";3
"7485";8
"7486";5
"7487";1
"7488";9
"7489";10
"7490";21
"7491";7
"7493";4
"7495";4
"7500";8
"7504";8
"7505";2
"7506";5
"7509";4
"7510";1
"7512";3
"7513";2
"7514";2
"7515";4
"7516";4
"7517";2
"7518";2
"7520";6
"7521";3
"7522";4
"7523";3
"7524";3
"7525";2
"7526";2
"7529";2
"7530";2
"7531";2
"7532";3
"7533";4
"7534";2
"7535";1
"7536";1
"7537";1
"7538";2
"7539";2
"7541";3
"7542";5
"7543";6
"7544";3
"7545";4
"7546";2
"7547";2
"7548";4
"7549";4
"7550";6
"7551";3
"7552";4
"7553";5
"7554";3
"7555";5
"7557";8
"7558";6
"7559";2
"7560";3
"7561";2
"7562";5
"7563";8
"7564";4
"7565";2
"7566";3
"7567";7
"7568";3
"7569";4
"7570";1
"7571";1
"7572";1
"7573";1
"7574";1
"7575";2
"7576";3
"7577";5
"7578";2
"7579";3
"7580";3
"7581";1
"7582";4
"7583";2
"7584";2
"7585";3
"7586";3
"7587";2
"7588";2
"7589";3
"7590";3
"7591";1
"7592";3
"7593";4
"7594";4
"7595";2
"7597";10
"7598";3
"7599";3
"7600";2
"7601";3
"7602";3
"7603";10
"7604";9
"7605";20
"7606";3
"7607";3
"7608";13
"7609";17
"7610";8
"7611";4
"7613";2
"7614";5
"7615";4
"7616";3
"7617";4
"7618";2
"7621";52
"7622";2
"7623";4
"7624";10
"7625";2
"7627";2
"7628";2
"7629";7
"7632";3
"7636";3
"7638";4
"7640";2
"7642";2
"7643";2
"7644";3
"7647";3
"7648";6
"7649";2
"7650";3
"7653";1
"7654";3
"7656";7
"7657";4
"7658";6
"7659";16
"7660";2
"7661";1
"7662";1
"7663";2
"7664";3
"7665";4
"7667";2
"7668";2
"7669";4
"7670";2
"7671";2
"7672";5
"7673";4
"7674";3
"7675";1
"7676";1
"7677";8
"7678";8
"7679";2
"7680";3
"7681";2
"7682";4
"7684";5
"7685";2
"7686";5
"7687";3
"7689";3
"7690";3
"7691";2
"7692";2
"7693";2
"7694";2
"7695";8
"7696";2
"7697";2
"7698";2
"7699";2
"7700";4
"7701";2
"7702";11
"7703";2
"7704";2
"7706";2
"7711";2
"7712";3
"7713";5
"7714";10
"7715";3
"7716";3
"7717";3
"7718";2
"7719";12
"7720";7
"7721";2
"7722";4
"7723";4
"7725";3
"7726";4
"7727";2
"7730";3
"7731";3
"7732";2
"7733";3
"7734";2
"7735";7
"7736";7
"7737";4
"7738";3
"7739";3
"7741";4
"7742";3
"7743";2
"7744";2
"7745";4
"7747";3
"7748";4
"7749";6
"7750";3
"7751";2
"7752";3
"7753";7
"7754";5
"7755";2
"7756";3
"7758";2
"7759";2
"7760";19
"7762";5
"7763";8
"7764";3
"7766";18
"7767";6
"7768";9
"7770";3
"7775";8
"7785";5
"7786";2
"7788";4
"7789";9
"7791";5
"7793";4
"7794";4
"7795";8
"7796";6
"7797";3
"7798";5
"7799";10
"7800";1
"7801";5
"7802";2
"7804";3
"7805";5
"7806";2
"7807";10
"7808";2
"7809";3
"7810";3
"7811";4
"7812";3
"7813";2
"7814";4
"7815";9
"7816";3
"7817";6
"7820";4
"7821";3
"7822";3
"7823";4
"7824";6
"7825";2
"7826";5
"7827";6
"7830";2
"7831";3
"7832";2
"7833";3
"7835";2
"7836";2
"7837";4
"7838";5
"7839";3
"7840";4
"7841";2
"7842";4
"7843";2
"7848";3
"7849";4
"7850";2
"7851";1
"7852";4
"7853";2
"7854";7
"7855";6
"7856";2
"7857";3
"7858";4
"7859";2
"7861";2
"7863";2
"7864";4
"7865";5
"7867";8
"7868";14
"7869";3
"7870";3
"7874";2
"7875";6
"7877";4
"7884";12
"7885";11
"7889";1
"7890";4
"7891";12
"7892";2
"7893";2
"7894";2
"7896";3
"7898";2
"7899";3
"7900";2
"7901";3
"7903";5
"7904";3
"7905";3
"7906";11
"7907";7
"7908";4
"7909";2
"7910";3
"7911";6
"7912";4
"7913";4
"7914";2
"7915";2
"7916";3
"7917";2
"7918";1
"7920";2
"7921";2
"7922";8
"7923";8
"7924";3
"7925";3
"7926";3
"7927";2
"7929";2
"7930";2
"7931";6
"7932";3
"7933";2
"7934";3
"7936";4
"7937";2
"7938";3
"7939";3
"7940";12
"7941";5
"7942";2
"7944";3
"7945";2
"7946";5
"7947";4
"7948";6
"7949";2
"7950";5
"7951";13
"7954";68
"7956";1
"7961";28
"7964";2
"7965";2
"7966";10
"7967";3
"7968";4
"7969";2
"7970";3
"7972";2
"7973";4
"7974";2
"7975";5
"7976";3
"7977";2
"7978";2
"7979";3
"7980";9
"7981";2
"7982";3
"7983";3
"7984";2
"7985";2
"7986";3
"7987";20
"7988";6
"7989";1
"7990";2
"7991";7
"7992";2
"7993";2
"7995";2
"7996";4
"7997";2
"7998";2
"8000";2
"8001";3
"8002";2
"8003";3
"8004";7
"8005";3
"8006";2
"8007";2
"8008";2
"8009";3
"8010";2
"8011";10
"8012";2
"8013";2
"8014";13
"8015";3
"8016";2
"8017";22
"8018";7
"8020";6
"8021";6
"8022";3
"8025";182
"8026";8
"8029";8
"8030";2
"8042";11
"8043";14
"8045";6
"8046";3
"8047";4
"8048";2
"8049";7
"8050";2
"8051";4
"8052";3
"8053";3
"8054";2
"8055";3
"8056";6
"8057";2
"8059";2
"8061";3
"8062";2
"8063";4
"8064";3
"8065";2
"8066";4
"8067";3
"8068";7
"8070";2
"8071";16
"8072";2
"8073";3
"8074";7
"8075";1
"8076";2
"8077";3
"8078";3
"8080";2
"8081";5
"8082";2
"8083";2
"8084";7
"8085";2
"8086";10
"8087";2
"8088";5
"8089";3
"8090";2
"8091";20
"8093";2
"8094";139
"8095";5
"8096";2
"8097";21
"8098";2
"8099";2
"8100";2
"8102";3
"8103";3
"8104";6
"8106";6
"8108";16
"8109";2
"8110";2
"8111";4
"8112";5
"8114";2
"8119";5
"8120";2
"8124";10
"8126";8
"8129";5
"8130";2
"8131";3
"8132";18
"8133";4
"8134";3
"8135";2
"8136";1
"8138";3
"8139";2
"8140";4
"8141";4
"8142";2
"8143";2
"8144";2
"8145";5
"8146";2
"8147";5
"8149";2
"8150";5
"8151";3
"8152";3
"8153";3
"8154";4
"8157";5
"8158";2
"8159";5
"8161";2
"8162";3
"8163";2
"8164";2
"8165";2
"8166";2
"8167";3
"8168";10
"8169";2
"8170";3
"8171";3
"8172";2
"8173";3
"8174";10
"8175";1
"8176";2
"8177";7
"8178";1
"8179";22
"8180";1
"8181";1
"8182";5
"8183";18
"8184";7
"8185";4
"8186";2
"8187";3
"8188";27
"8189";3
"8190";3
"8191";2
"8192";1
"8193";5
"8194";2
"8195";25
"8198";3
"8199";4
"8200";2
"8201";76
"8202";7
"8203";4
"8204";4
"8208";6
"8210";16
"8211";4
"8220";16
"8222";3
"8223";15
"8224";3
"8225";6
"8227";3
"8228";7
"8229";2
"8230";4
"8231";3
"8232";7
"8233";2
"8234";2
"8235";2
"8237";2
"8238";5
"8240";4
"8241";2
"8242";3
"8243";5
"8244";3
"8245";5
"8246";2
"8247";3
"8248";2
"8250";3
"8251";5
"8252";5
"8253";3
"8254";10
"8255";5
"8256";3
"8257";3
"8258";2
"8259";24
"8260";3
"8261";10
"8262";2
"8263";4
"8264";4
"8265";5
"8267";6
"8268";2
"8269";3
"8270";4
"8272";2
"8273";5
"8274";15
"8275";3
"8277";4
"8278";4
"8279";39
"8280";6
"8281";3
"8282";7
"8283";2
"8284";33
"8286";32
"8290";21
"8291";2
"8294";11
"8297";4
"8298";2
"8302";3
"8311";6
"8312";9
"8313";5
"8315";2
"8316";3
"8317";3
"8318";6
"8319";4
"8320";3
"8322";12
"8323";2
"8324";8
"8325";10
"8326";3
"8327";2
"8328";7
"8330";5
"8331";19
"8332";7
"8333";6
"8334";5
"8335";3
"8336";9
"8337";3
"8338";5
"8339";2
"8340";2
"8341";2
"8342";3
"8343";5
"8344";3
"8345";2
"8346";5
"8347";6
"8348";3
"8349";5
"8350";2
"8352";5
"8353";4
"8354";15
"8355";2
"8356";2
"8357";3
"8359";7
"8360";5
"8361";2
"8362";6
"8363";1
"8364";2
"8366";2
"8367";7
"8368";3
"8369";47
"8371";2
"8372";3
"8373";4
"8374";6
"8375";3
"8376";2
"8377";3
"8378";15
"8379";3
"8380";2
"8382";3
"8385";4
"8388";21
"8390";10
"8392";4
"8395";4
"8396";3
"8397";8
"8399";6
"8400";4
"8402";2
"8403";2
"8404";2
"8405";2
"8406";2
"8407";4
"8408";25
"8410";13
"8411";7
"8412";4
"8413";8
"8414";2
"8415";2
"8416";2
"8417";4
"8420";2
"8421";2
"8422";2
"8423";2
"8424";2
"8425";2
"8426";2
"8427";2
"8428";2
"8429";7
"8430";2
"8431";4
"8432";2
"8433";3
"8434";2
"8435";2
"8436";3
"8437";2
"8438";2
"8439";2
"8440";2
"8441";13
"8442";2
"8443";2
"8444";2
"8445";7
"8446";3
"8447";2
"8448";3
"8449";2
"8450";3
"8451";2
"8452";3
"8453";4
"8454";2
"8455";3
"8456";2
"8457";8
"8458";3
"8459";3
"8460";1
"8462";4
"8463";3
"8464";2
"8465";3
"8466";3
"8467";3
"8468";3
"8469";7
"8470";2
"8471";1
"8472";3
"8473";24
"8475";2
"8476";11
"8478";5
"8479";10
"8480";4
"8494";4
"8495";40
"8496";5
"8497";15
"8498";3
"8499";4
"8501";3
"8502";2
"8504";5
"8505";2
"8506";2
"8507";3
"8508";2
"8509";4
"8510";3
"8511";7
"8512";3
"8513";2
"8514";3
"8516";2
"8517";2
"8518";3
"8519";3
"8520";4
"8521";7
"8522";2
"8523";2
"8524";2
"8525";4
"8526";4
"8527";10
"8528";3
"8529";2
"8530";3
"8531";7
"8533";4
"8534";2
"8536";5
"8537";3
"8538";2
"8539";1
"8540";2
"8541";4
"8542";2
"8543";2
"8544";3
"8545";3
"8546";2
"8547";3
"8548";3
"8549";12
"8550";4
"8551";1
"8552";3
"8553";2
"8554";3
"8555";2
"8556";16
"8557";4
"8558";2
"8559";2
"8560";7
"8561";3
"8562";2
"8563";3
"8564";7
"8565";2
"8566";3
"8567";8
"8568";3
"8569";3
"8570";2
"8571";3
"8572";17
"8573";2
"8574";3
"8575";2
"8576";2
"8577";2
"8579";4
"8580";2
"8581";7
"8582";2
"8583";2
"8584";2
"8585";2
"8586";3
"8587";96
"8588";2
"8589";4
"8590";8
"8592";3
"8593";4
"8594";8
"8595";1
"8597";12
"8598";9
"8600";1
"8603";3
"8607";9
"8608";50
"8611";2
"8612";4
"8615";2
"8616";4
"8617";18
"8618";3
"8619";3
"8621";46
"8622";3
"8624";17
"8625";3
"8626";2
"8628";2
"8629";5
"8630";4
"8631";1
"8632";5
"8633";4
"8634";14
"8635";2
"8636";4
"8637";2
"8638";2
"8639";2
"8640";3
"8641";4
"8642";3
"8643";3
"8644";3
"8645";4
"8646";2
"8647";4
"8648";3
"8649";3
"8651";6
"8652";2
"8653";2
"8654";7
"8655";3
"8656";4
"8658";7
"8659";9
"8660";3
"8661";4
"8662";2
"8663";22
"8664";2
"8665";2
"8666";6
"8667";2
"8668";2
"8669";2
"8670";2
"8671";4
"8672";4
"8673";8
"8674";6
"8675";3
"8676";4
"8677";2
"8678";5
"8679";5
"8680";3
"8681";2
"8682";2
"8683";4
"8684";5
"8685";3
"8686";6
"8687";3
"8688";2
"8689";2
"8691";3
"8692";3
"8693";2
"8694";3
"8695";2
"8696";2
"8697";6
"8698";3
"8699";5
"8700";3
"8701";4
"8702";17
"8704";13
"8706";10
"8708";2
"8714";7
"8719";3
"8720";2
"8721";6
"8723";2
"8724";4
"8725";3
"8726";3
"8727";2
"8728";3
"8729";5
"8730";3
"8731";2
"8732";2
"8733";2
"8734";5
"8735";5
"8736";3
"8737";3
"8738";2
"8739";7
"8740";2
"8741";2
"8742";5
"8743";3
"8744";2
"8745";2
"8746";6
"8747";16
"8748";4
"8749";3
"8750";2
"8751";2
"8752";2
"8753";2
"8754";5
"8755";4
"8756";2
"8757";2
"8758";3
"8759";6
"8761";2
"8762";7
"8763";5
"8764";18
"8765";7
"8766";4
"8767";3
"8768";4
"8770";2
"8771";2
"8772";12
"8775";3
"8776";3
"8777";6
"8778";3
"8779";6
"8780";3
"8781";2
"8782";3
"8784";2
"8785";5
"8786";3
"8787";2
"8788";5
"8789";3
"8790";3
"8791";3
"8792";2
"8793";2
"8794";3
"8796";7
"8797";1
"8799";50
"8801";2
"8804";1
"8805";6
"8807";7
"8811";23
"8812";3
"8814";3
"8816";4
"8817";5
"8819";17
"8821";2
"8823";2
"8824";3
"8825";5
"8826";7
"8827";3
"8828";2
"8830";3
"8831";4
"8832";2
"8833";13
"8834";3
"8835";2
"8836";2
"8837";3
"8838";4
"8839";2
"8840";3
"8841";4
"8842";2
"8843";4
"8844";2
"8845";2
"8846";8
"8847";5
"8848";4
"8849";3
"8850";25
"8852";7
"8853";2
"8854";3
"8855";3
"8856";2
"8857";2
"8858";4
"8859";2
"8860";3
"8861";3
"8862";5
"8863";2
"8864";6
"8865";3
"8866";3
"8867";4
"8868";2
"8869";2
"8870";7
"8871";3
"8872";2
"8873";1
"8874";7
"8875";3
"8876";2
"8877";2
"8878";2
"8879";2
"8880";9
"8881";2
"8882";4
"8883";2
"8884";4
"8885";3
"8886";7
"8887";6
"8888";2
"8889";6
"8890";4
"8892";5
"8893";19
"8895";3
"8896";7
"8897";1
"8898";23
"8900";12
"8901";5
"8903";1
"8904";2
"8909";3
"8911";3
"8914";2
"8916";5
"8918";7
"8919";3
"8920";8
"8922";2
"8923";2
"8924";3
"8925";5
"8926";4
"8927";2
"8928";7
"8929";2
"8930";9
"8931";2
"8932";3
"8933";2
"8934";2
"8935";2
"8936";3
"8938";2
"8939";2
"8940";4
"8941";6
"8942";4
"8943";8
"8944";4
"8945";2
"8946";3
"8947";5
"8948";4
"8949";2
"8950";2
"8951";2
"8952";6
"8954";4
"8955";3
"8956";6
"8957";3
"8958";5
"8959";3
"8960";2
"8961";5
"8962";2
"8963";2
"8964";5
"8965";3
"8966";6
"8967";4
"8968";2
"8969";2
"8970";6
"8971";25
"8973";10
"8974";5
"8975";7
"8976";6
"8977";4
"8978";2
"8979";20
"8984";28
"8985";8
"8988";8
"8989";4
"8990";3
"8991";2
"8992";4
"8993";2
"8994";4
"8996";2
"8997";3
"8998";2
"8999";3
"9000";3
"9001";1
"9002";1
"9003";1
"9004";1
"9005";5
"9006";2
"9007";2
"9008";2
"9009";3
"9010";2
"9011";7
"9012";4
"9013";5
"9014";3
"9015";1
"9016";3
"9017";4
"9018";13
"9019";2
"9020";2
"9021";3
"9022";1
"9023";2
"9024";3
"9025";9
"9026";2
"9027";3
"9028";2
"9029";3
"9030";4
"9031";2
"9032";3
"9033";2
"9034";8
"9035";4
"9036";2
"9037";2
"9038";2
"9039";2
"9041";3
"9042";5
"9043";3
"9044";3
"9045";2
"9046";5
"9047";3
"9048";17
"9049";8
"9053";8
"9055";27
"9060";12
"9061";18
"9063";16
"9065";11
"9066";2
"9067";4
"9068";2
"9069";2
"9070";4
"9071";3
"9072";2
"9073";6
"9074";4
"9075";2
"9076";3
"9077";5
"9078";11
"9079";6
"9080";3
"9081";2
"9082";2
"9083";6
"9084";3
"9085";4
"9086";2
"9087";3
"9089";3
"9090";4
"9091";4
"9092";2
"9093";3
"9094";1
"9095";1
"9096";1
"9097";1
"9098";1
"9099";1
"9100";3
"9101";2
"9102";2
"9103";6
"9104";2
"9105";4
"9106";6
"9107";23
"9108";3
"9109";3
"9110";4
"9111";6
"9112";3
"9113";4
"9114";3
"9115";11
"9117";2
"9119";27
"9120";2
"9123";65
"9125";2
"9127";6
"9128";24
"9129";14
"9130";22
"9131";4
"9132";2
"9133";6
"9134";6
"9135";7
"9136";11
"9137";3
"9138";3
"9139";2
"9140";1
"9141";1
"9142";2
"9143";8
"9144";7
"9145";6
"9146";2
"9147";3
"9148";2
"9149";4
"9150";2
"9151";7
"9152";2
"9153";3
"9154";3
"9155";2
"9156";2
"9157";2
"9158";3
"9159";15
"9160";3
"9161";2
"9162";2
"9163";2
"9165";3
"9166";3
"9167";14
"9168";6
"9169";2
"9170";3
"9171";2
"9172";3
"9173";2
"9174";3
"9175";3
"9176";2
"9177";7
"9178";6
"9179";4
"9180";5
"9181";12
"9184";2
"9185";3
"9187";3
"9188";2
"9190";2
"9191";2
"9192";3
"9193";2
"9194";8
"9195";2
"9196";3
"9197";9
"9198";2
"9199";2
"9200";1
"9201";1
"9202";2
"9203";3
"9204";2
"9205";4
"9206";3
"9207";2
"9208";2
"9209";22
"9210";2
"9211";5
"9212";3
"9213";7
"9214";2
"9215";1
"9216";2
"9217";5
"9218";3
"9219";2
"9220";4
"9221";3
"9222";7
"9223";7
"9225";36
"9227";3
"9229";8
"9230";4
"9233";5
"9235";5
"9237";5
"9239";6
"9240";2
"9241";8
"9242";5
"9243";6
"9245";10
"9246";4
"9247";3
"9248";2
"9249";9
"9250";2
"9251";10
"9252";3
"9253";3
"9254";46
"9255";2
"9256";4
"9257";5
"9258";5
"9259";3
"9260";2
"9261";2
"9262";3
"9263";8
"9264";2
"9265";2
"9266";2
"9267";3
"9268";5
"9269";2
"9270";2
"9271";4
"9272";5
"9273";3
"9274";3
"9275";2
"9276";3
"9277";2
"9278";3
"9279";5
"9280";3
"9281";2
"9282";2
"9283";2
"9284";5
"9285";8
"9286";2
"9287";2
"9288";4
"9289";2
"9290";3
"9291";2
"9292";2
"9293";6
"9294";3
"9295";2
"9296";2
"9297";2
"9298";2
"9299";4
"9300";12
"9301";2
"9302";3
"9303";3
"9305";2
"9306";1
"9308";3
"9309";2
"9311";3
"9312";4
"9313";2
"9314";2
"9316";1
"9317";1
"9318";2
"9319";5
"9320";34
"9321";26
"9322";4
"9323";4
"9324";11
"9326";3
"9328";4
"9329";13
"9330";4
"9331";2
"9334";2
"9335";2
"9336";19
"9337";2
"9338";4
"9339";4
"9340";12
"9341";6
"9343";3
"9344";3
"9345";2
"9346";2
"9347";7
"9348";4
"9349";5
"9351";3
"9356";4
"9357";2
"9358";2
"9359";3
"9360";2
"9361";2
"9362";2
"9363";3
"9364";6
"9365";2
"9366";5
"9367";2
"9368";5
"9369";3
"9370";2
"9371";4
"9372";3
"9373";7
"9374";3
"9375";3
"9376";3
"9377";10
"9378";17
"9379";4
"9380";4
"9381";2
"9382";2
"9383";3
"9384";2
"9385";6
"9386";2
"9387";2
"9388";20
"9389";15
"9390";3
"9391";2
"9392";4
"9393";2
"9394";2
"9395";3
"9396";2
"9397";4
"9398";18
"9399";2
"9400";2
"9401";4
"9402";11
"9403";3
"9404";4
"9405";3
"9406";22
"9407";5
"9408";10
"9409";17
"9410";4
"9411";9
"9412";5
"9413";5
"9414";5
"9415";3
"9416";10
"9418";3
"9419";68
"9420";1
"9422";2
"9423";13
"9427";12
"9428";3
"9430";29
"9431";37
"9432";4
"9433";7
"9434";8
"9436";3
"9437";3
"9438";3
"9439";3
"9440";3
"9441";4
"9442";2
"9443";3
"9444";3
"9446";6
"9447";12
"9448";2
"9449";2
"9450";7
"9451";8
"9452";7
"9453";2
"9454";6
"9455";5
"9456";2
"9457";2
"9458";2
"9459";2
"9460";5
"9461";2
"9462";3
"9463";5
"9464";2
"9465";5
"9466";4
"9467";3
"9468";4
"9469";3
"9470";6
"9472";2
"9473";2
"9474";4
"9475";2
"9477";3
"9478";2
"9479";5
"9480";3
"9481";7
"9482";3
"9483";4
"9484";5
"9485";14
"9486";4
"9487";5
"9488";2
"9489";5
"9490";5
"9491";3
"9492";2
"9493";8
"9494";5
"9495";40
"9496";3
"9497";2
"9498";2
"9499";10
"9500";14
"9501";5
"9502";4
"9503";9
"9504";104
"9505";9
"9506";2
"9507";102
"9508";3
"9509";64
"9510";14
"9511";85
"9512";49
"9513";46
"9514";3
"9515";15
"9516";2
"9517";37
"9518";5
"9519";7
"9520";11
"9521";4
"9522";10
"9523";6
"9524";55
"9525";8
"9526";10
"9527";6
"9528";48
"9529";8
"9530";2
"9531";2
"9532";3
"9533";2
"9534";2
"9535";5
"9536";3
"9537";3
"9538";3
"9539";2
"9540";3
"9541";2
"9542";3
"9543";15
"9544";4
"9545";3
"9546";19
"9547";2
"9548";3
"9549";10
"9550";3
"9551";3
"9552";3
"9553";3
"9554";2
"9555";3
"9556";4
"9557";2
"9558";2
"9559";6
"9560";4
"9561";3
"9562";5
"9563";3
"9564";3
"9565";4
"9566";2
"9567";3
"9568";5
"9569";2
"9570";2
"9571";4
"9572";2
"9573";3
"9574";5
"9575";3
"9576";3
"9577";6
"9578";3
"9579";4
"9580";5
"9581";3
"9582";5
"9583";2
"9584";2
"9585";2
"9586";2
"9587";3
"9588";2
"9589";3
"9590";7
"9591";1
"9592";3
"9593";1
"9594";3
"9595";2
